insert into tb_usuario(matricula,nombre,fechaNacimiento,correo,telefono,descripcion,contrasena,fotoUrl,tipo) values
('1302984752','Emily Diaz','2002-02-16','emily@gmail.com','3310800159','Shoot your shot','brian123','','Alumno'),
('1302984753','Marvin Flores','2002-01-10','marvin@hersheys.com','3321329004','Siempre positivo','marvin123','','Alumno'),
('1302984754','Luis Martinez','2003-02-19','luis@gmail.com','3334454844','Amo la música','luis123','','Alumno'),
('2302984755','Alejandro Matinéz Limon','2002-08-10','limon@gmail.com','3384569812','Siempre joven','alejandro123','','Alumno'),
('2302984756','Enrique Acevedo Mejía','2002-11-01','enrique@gmail.com','3318965748','Soy un estudiante nuevo','enrique123','','Alumno'),
('3302984757','Alfonso Aldrete Vargas','2002-08-22','alfonso@gmail.com','331898457','Soy un estudiante nuevo','alfonso123','','Alumno'),
('3302984758','Javier Arnaud Viñas','2003-12-01','javier@gmail.com','331898490','Soy un estudiante nuevo','javier123','','Alumno'),
('2118234011','Luis Milton Alejandre Perez','2002-02-16','milton@gmail.com','3310800160','Shoot your shot','milton123','','Alumno'),
('2118234012','Osvaldo Vitela Cruz','2002-02-16','osvaldo@gmail.com.com','3310800161','Shoot your shot','osvaldo123','','Alumno'),
('2118234013','Braulio Zahid Martinez Bravo','2002-02-16','braulio@gmail.com','3310800162','Shoot your shot','braulio123','','Maestro'),
('9102984752','Brian Alejandro Ochoa Duran','2002-02-16','brian16ochoa@escuela.com','3310800159','Shoot your shot','brian123','','Maestro'),
('9202984753','Jorge Armando Castillo Salas','2002-01-10','jacastillo@escuela.com','3321329004','Siempre positivo','jorge123','','Maestro'),
('9302984754','Manuel Estrada Ramírez','2003-02-19','ermanuelutj@escuela.com','3334454844','Amo la música','manuel123','','Maestro'),
('9302984754','Alejandro Freig','2003-02-19','freig@escuela.com','3334454845','Amo la música','freig123','','Maestro'),
('9302984754','Selene Quintero','2003-02-19','selene@escuela.com','3334454846','Amo la música','selene123','','Maestro'),
('9302984754','Elvia Morales','2003-02-19','elvia@escuela.com','3334454847','Amo la música','elvia123','','Maestro'),
('1111111111','Brian Alejandro Ochoa Duran','2019-08-20','admin@admin.com','0000000000','','admin123','','Administrador');

insert into tb_clase(idUsuario,claveClase,nombreClase,aula,descripcion,contrasena) values
(10,'42761','Apreciación del arte','A-02','','12345'),
(11,'42762','Comprensión de la ciencia','A-02','','12345'),
(12,'42763','Descripción y comunicación','A-02','','12345'),
(13,'42764','Acercamiento al desarrollo deportivo','B-04','','12345'),
(14,'42765','Autoconocimiento y personalidad','B-04','','12345'),
(15,'42766','Lengua extranjera II','B-04','','12345'),
(16,'42767','Lengua extranjera III','C-04','','12345'),
(11,'42768','Química II','C-04','','12345'),
(13,'42769','Recreación y aprovechamiento','C-04','','12345');

insert into tb_clase_dia_hora(idClase,horaInicio,horaFin,dia) values
(1,'16:00:00','18:00:00','Lunes'),
(1,'16:00:00','18:00:00','Jueves'),
(2,'18:00:00','20:00:00','Miercoles'),
(2,'17:00:00','19:00:00','Jueves'),
(2,'19:00:00','20:00:00','Viernes'),
(3,'13:00:00','15:00:00','Martes'),
(3,'14:00:00','16:00:00','Viernes'),
(4,'16:00:00','18:00:00','Lunes'),
(4,'16:00:00','18:00:00','Viernes'),
(5,'18:00:00','20:00:00','Lunes'),
(5,'18:00:00','20:00:00','Viernes'),
(6,'18:00:00','20:00:00','Miercoles'),
(6,'14:00:00','16:00:00','Viernes'),
(7,'16:00:00','18:00:00','Jueves'),
(7,'16:00:00','18:00:00','Viernes'),
(8,'18:00:00','20:00:00','Jueves'),
(8,'18:00:00','20:00:00','Viernes'),
(9,'18:00:00','20:00:00','Martes'),
(9,'14:00:00','16:00:00','Viernes');

insert into tb_alumno_clase(idClase,idAlumno) values
(1,1),
(1,2),
(1,3),
(2,1),
(2,2),
(2,3),
(3,1),
(3,2),
(3,3),
(4,4),
(4,5),
(4,6),
(5,4),
(5,5),
(5,6),
(6,4),
(6,5),
(6,6),
(7,7),
(7,8),
(7,9),
(8,7),
(8,8),
(8,9),
(9,7),
(9,8),
(9,9);

insert into tb_actividad(idClase,nombreActividad,descripcionActividad,fechaEntrega) values
(1,"Investigación artistas siglo XX","Entregar actividad antes de la clase","2019-08-09"),
(2,"Actividad evolución humana","Entregar actividad antes de la clase","2019-08-23"),
(3,"Investigación cómo redactar una carta","Entregar actividad antes de la clase","2019-08-09"),
(4,"Historia de los juegos olímpicos","Entregar actividad antes de la clase","2019-08-23"),
(5,"Investigación inteligencia emocional","Entregar actividad antes de la clase","2019-08-09"),
(6,"Adjectives and pronouns","Entregar actividad antes de la clase","2019-08-23"),
(7,"Linkers and connectors","Entregar actividad antes de la clase","2019-08-09"),
(8,"Investigación elementos tabla periódica","Entregar actividad antes de la clase","2019-08-23"),
(9,"Investigación admin. del tiempo","Entregar actividad antes de la clase","2019-08-09");

insert into tb_actividad_entrega(idClase,idActividad,idAlumno,urlArchivo) values
(1,1,1,''),
(2,2,1,''),
(1,1,2,''),
(2,2,2,''),
(1,1,3,''),
(2,2,3,''),
(1,1,4,''),
(2,2,4,''),
(1,1,5,''),
(2,2,5,'');

insert into tb_calificar_entrega(idActividadEntrega,calificacion) values
(1,8),
(2,9.9),
(3,7),
(4,9),
(5,8),
(6,9.9),
(7,7),
(8,9.9),
(9,8),
(10,9);